{
  "moduleId": "NAV_ASSETS_LOCATION",
  "moduleName": "NAV_ASSETS_LOCATION",
  "parentGroup": [],
  "moduleAction": [
    {
      "actionId": "ACTION_ASSETS_LOCATION_LIST",
      "actionUrl": "",
      "actionName": "LIST",
      "parentGroup": [],
      "fields": [
        {
          "fieldId": "ASSETS_LOCATION_LIST_ASSETS_LOCATION_NAME",
          "fieldName": "Asset Loaction Name",
          "fieldValue": ""
        }
      ]
    },
    {
      "actionId": "ACTION_ASSETS_LOCATION_ADD",
      "actionUrl": "",
      "actionName": "ADD",
      "parentGroup": [
        "LIST"
      ],
      "fields": []
    },
    {
      "actionId": "ACTION_ASSETS_LOCATION_ONE_EDIT",
      "actionUrl": "",
      "actionName": "EDIT",
      "parentGroup": [
        "LIST"
      ],
      "fields": []
    },
    {
      "actionId": "ACTION_ASSETS_LOCATION_ONE_DELETE",
      "actionUrl": "",
      "actionName": "DELETE",
      "parentGroup": [
        "LIST"
      ],
      "fields": []
    }
  ]
}