{
  "moduleId": "NAV_ASSETS_RELOCATION",
  "moduleName": "NAV_ASSETS_RELOCATION",
  "parentGroup": [],
  "moduleAction": [
    {
      "actionId": "ACTION_ASSETS_RELOCATION_LIST_ASSETS_RELOCATION_NAME",
      "actionUrl": "",
      "actionName": "LIST",
      "parentGroup": []
    
    },
    {
      "actionId": "ACTION_ASSETS_RELOCATION_ADD",
      "actionUrl": "",
      "actionName": "ADD",
      "parentGroup": [
        "LIST"
      ],
      "fields": []
    },
    {
      "actionId": "ACTION_ASSETS_RELOCATION_ONE_EDIT",
      "actionUrl": "",
      "actionName": "EDIT",
      "parentGroup": [
        "LIST"
      ],
      "fields": []
    },
    {
      "actionId": "ACTION_ASSETS_RELOCATION_ONE_DELETE",
      "actionUrl": "",
      "actionName": "DELETE",
      "parentGroup": [
        "LIST"
      ],
      "fields": []
    }
  ]
}