{
  "moduleId": "NAV_ASSETS_ALLOCATION",
  "moduleName": "NAV_ASSETS_ALLOCATION",
  "parentGroup": [],
  "moduleAction": [
    {
      "actionId": "ACTION_ASSETS_ALLOCATION_LIST_ASSETS_ALLOCATION_NAME",
      "actionUrl": "",
      "actionName": "LIST",
      "parentGroup": []
    },
    {
      "actionId": "ACTION_ASSETS_ALLOCATION_ADD",
      "actionUrl": "",
      "actionName": "ADD",
      "parentGroup": [
        "LIST"
      ],
      "fields": []
    },
    {
      "actionId": "ACTION_ASSETS_ALLOCATION_ONE_EDIT",
      "actionUrl": "",
      "actionName": "EDIT",
      "parentGroup": [
        "LIST"
      ],
      "fields": []
    },
    {
      "actionId": "ACTION_ASSETS_ALLOCATION_ONE_DELETE",
      "actionUrl": "",
      "actionName": "DELETE",
      "parentGroup": [
        "LIST"
      ],
      "fields": []
    }
  ]
}