{
  "moduleId": "NAV_ASSETS_CATEGORY",
  "moduleName": "NAV_ASSETS_CATEGORY",
  "parentGroup": [],
  "moduleAction": [
    {
      "actionId": "ACTION_ASSETS_CATEGORY_LIST",
      "actionUrl": "",
      "actionName": "LIST",
      "parentGroup": [],
      "fields": [
        {
          "fieldId": "ASSETS_CATEGORY_LIST_ASSETS_CATEGORY_NAME",
          "fieldName": "Asset Category Name",
          "fieldValue": ""
        }
      ]
    },
    {
      "actionId": "ACTION_ASSETS_CATEGORY_ADD",
      "actionUrl": "",
      "actionName": "ADD",
      "parentGroup": [
        "LIST"
      ],
      "fields": []
    },
    {
      "actionId": "ACTION_ASSETS_CATEGORY_ONE_EDIT",
      "actionUrl": "",
      "actionName": "EDIT",
      "parentGroup": [
        "LIST"
      ],
      "fields": []
    },
    {
      "actionId": "ACTION_ASSETS_CATEGORY_ONE_DELETE",
      "actionUrl": "",
      "actionName": "DELETE",
      "parentGroup": [
        "LIST"
      ],
      "fields": []
    }
  ]
}