{
  "moduleId": "NAV_WEBSITES_BLOG",
  "moduleName": "NAV_WEBSITES_BLOG",
  "parentGroup": [],
  "moduleAction": [
    {
      "actionId": "ACTION_WEBSITES_BLOG_LIST",
      "actionUrl": "",
      "actionName": "LIST",
      "parentGroup": [],
      "fields": [
        {
          "fieldId": "WEBSITES_BLOG_LIST_WEBSITES_BLOG_NAME",
          "fieldName": "Blog Name",
          "fieldValue": "Blog"
        },
        {
          "fieldId": "WEBSITES_BLOG_LIST_BLOG_TITLE",
          "fieldName": "Blog Title",
          "fieldValue": "blog title"
        },
        {
          "fieldId": "WEBSITES_BLOG_LIST_BLOG_SUBTITLE",
          "fieldName": "Blog Subtitle",
          "fieldValue": " BLOG SUBTITLE"
        }
      ]
    },
    {
      "actionId": "ACTION_WEBSITES_BLOG_ADD",
      "actionUrl": "",
      "actionName": "ADD",
      "parentGroup": [
        "LIST"
      ],
      "fields": []
    },
    {
      "actionId": "ACTION_WEBSITES_BLOG_ONE_EDIT",
      "actionUrl": "",
      "actionName": "EDIT",
      "parentGroup": [
        "LIST"
      ],
      "fields": []
    },
    {
      "actionId": "ACTION_WEBSITES_BLOG_ONE_DELETE",
      "actionUrl": "",
      "actionName": "DELETE",
      "parentGroup": [
        "LIST"
      ],
      "fields": []
    }
  ]
}