{
  "moduleId": "NAV_WEBSITES_PAGES",
  "moduleName": "NAV_WEBSITES_PAGES",
  "parentGroup": [],
  "moduleAction": [
    {
      "actionId": "ACTION_WEBSITES_PAGES_LIST",
      "actionUrl": "",
      "actionName": "LIST",
      "parentGroup": [],
      "fields": [
        {
          "fieldId": "WEBSITES_PAGES_LIST_WEBSITES_PAGES_NAME",
          "fieldName": "Page Name",
          "fieldValue": ""
        },
        {
          "fieldId": "WEBSITES_PAGES_LIST_PAGE_URL",
          "fieldName": "Page Url",
          "fieldValue": ""
        }
       
      ]
    },
    {
      "actionId": "ACTION_WEBSITES_PAGES_ADD",
      "actionUrl": "",
      "actionName": "ADD",
      "parentGroup": [
        "LIST"
      ],
      "fields": []
    },
    {
      "actionId": "ACTION_WEBSITES_PAGES_ONE_EDIT",
      "actionUrl": "",
      "actionName": "EDIT",
      "parentGroup": [
        "LIST"
      ],
      "fields": []
    },
    {
      "actionId": "ACTION_WEBSITES_PAGES_ONE_DELETE",
      "actionUrl": "",
      "actionName": "DELETE",
      "parentGroup": [
        "LIST"
      ],
      "fields": []
    }
  ]
}