{
  "moduleId": "NAV_WEBSITES_TAGES",
  "moduleName": "NAV_WEBSITES_TAGES",
  "parentGroup": [],
  "moduleAction": [
    {
      "actionId": "ACTION_WEBSITES_TAGES_LIST",
      "actionUrl": "",
      "actionName": "LIST",
      "parentGroup": [],
      "fields": [
        {
          "fieldId": "WEBSITES_TAGES_LIST_WEBSITES_META_KEYWORD",
          "fieldName": "Meta Keyword",
          "fieldValue": ""
        },
        {
          "fieldId": "WEBSITES_TAGES_LIST_META_OG_TYPE",
          "fieldName": "Meta Keyword",
          "fieldValue": ""
        },
        {
          "fieldId": "WEBSITES_TAGES_LIST_META_TWITTER_TITLE",
          "fieldName": "Meta Twitter Title",
          "fieldValue": ""
        },
        {
          "fieldId": "WEBSITES_TAGES_LIST_META_TWITTER_CARD",
          "fieldName": "Meta Twitter Card",
          "fieldValue": ""
        }
      ]
    },
    {
      "actionId": "ACTION_WEBSITES_TAGES_ADD",
      "actionUrl": "",
      "actionName": "ADD",
      "parentGroup": [
        "LIST"
      ],
      "fields": []
    },
    {
      "actionId": "ACTION_WEBSITES_TAGES_ONE_EDIT",
      "actionUrl": "",
      "actionName": "EDIT",
      "parentGroup": [
        "LIST"
      ],
      "fields": []
    },
    {
      "actionId": "ACTION_WEBSITES_TAGES_ONE_DELETE",
      "actionUrl": "",
      "actionName": "DELETE",
      "parentGroup": [
        "LIST"
      ],
      "fields": []
    }
  ]
}