{
  "moduleId": "NAV_WEBSITES",
  "moduleName": "NAV_WEBSITES",
  "parentGroup": [],
  "moduleAction": [
    {
      "actionId": "ACTION_WEBSITES_LIST",
      "actionUrl": "",
      "actionName": "LIST",
      "parentGroup": [],
      "fields": [
        {
          "fieldId": "WEBSITES_LIST_WEBSITES_NAME",
          "fieldName": "Website Name",
          "fieldValue": "ashu"
        },
        {
          "fieldId": "WEBSITES_LIST_GA_TAG",
          "fieldName": "GA Tag",
          "fieldValue": "qw"
        },
        {
          "fieldId": "WEBSITES_LIST_URL",
          "fieldName": "URL",
          "fieldValue": "http://ashu@gmail.com"
        }
      ]
    },
    {
      "actionId": "ACTION_WEBSITES_ADD",
      "actionUrl": "",
      "actionName": "ADD",
      "parentGroup": [
        "LIST"
      ],
      "fields": []
    },
    {
      "actionId": "ACTION_WEBSITES_ONE_EDIT",
      "actionUrl": "",
      "actionName": "EDIT",
      "parentGroup": [
        "LIST"
      ],
      "fields": []
    },
    {
      "actionId": "ACTION_WEBSITES_ONE_DELETE",
      "actionUrl": "",
      "actionName": "DELETE",
      "parentGroup": [
        "LIST"
      ],
      "fields": []
    }
  ]
}